{"success": true, "totalRows": 20, "curPage": 1, "data": [
    {
        "ID": 202,
        "CHAR": "1",
        "TEXT": "TEXT_TEXT_TEXT_TEXT_TEXT_TEXT_TEXT_TEXT_TEXT_TEXT_TEXT_1",
        "NUM": 11.2,
        "XH": 1
    },
    {
        "ID": 201,
        "CHAR": "111",
        "TEXT": "TEXT_TEXT_TEXT_TEXT_TEXT_TEXT_TEXT_TEXT_TEXT_TEXT_TEXT_2",
        "XH": 2
    },
    {
        "ID": 200,
        "CHAR": "200",
        "TEXT": "TEXT_TEXT_TEXT_TEXT_TEXT_TEXT_TEXT_TEXT_TEXT_TEXT_TEXT_3",
        "XH": 3
    },
    {
        "ID": 199,
        "CHAR": "199",
        "XH": 4
    },
    {
        "ID": 32,
        "CHAR": "34",
        "NUM": 12.1,
        "XH": 5
    },
    {
        "ID": 16,
        "CHAR": "test",
        "NUM": 16.1,
        "XH": 6
    },
    {
        "ID": 15,
        "CHAR": "zifu15",
        "DATE": "2012-05-15",
        "TIME": "15:01:01",
        "NUM": 1.15,
        "XH": 7
    },
    {
        "ID": 14,
        "CHAR": "zifu14",
        "DATE": "2012-05-14",
        "TIME": "14:01:01",
        "NUM": 1.14,
        "XH": 8
    },
    {
        "ID": 13,
        "CHAR": "zifu13",
        "DATE": "2012-05-13",
        "TIME": "13:01:01",
        "NUM": 1.13,
        "XH": 9
    },
    {
        "ID": 12,
        "CHAR": "zifu12",
        "DATE": "2012-05-12",
        "TIME": "12:01:01",
        "NUM": 1.12,
        "XH": 10
    },
        {
        "ID": 2021,
        "CHAR": "1",
        "TEXT": "TEXT_TEXT_TEXT_TEXT_TEXT_TEXT_TEXT_TEXT_TEXT_TEXT_TEXT_1",
        "NUM": 11.2,
        "XH": 11
    },
    {
        "ID": 2011,
        "CHAR": "111",
        "TEXT": "TEXT_TEXT_TEXT_TEXT_TEXT_TEXT_TEXT_TEXT_TEXT_TEXT_TEXT_2",
        "XH": 12
    },
    {
        "ID": 2000,
        "CHAR": "200",
        "TEXT": "TEXT_TEXT_TEXT_TEXT_TEXT_TEXT_TEXT_TEXT_TEXT_TEXT_TEXT_3",
        "XH": 13
    },
    {
        "ID": 1991,
        "CHAR": "199",
        "XH": 14
    },
    {
        "ID": 321,
        "CHAR": "34",
        "NUM": 12.1,
        "XH": 15
    },
    {
        "ID": 161,
        "CHAR": "test",
        "NUM": 16.1,
        "XH": 16
    },
    {
        "ID": 151,
        "CHAR": "zifu15",
        "DATE": "2012-05-15",
        "TIME": "15:01:01",
        "NUM": 1.15,
        "XH": 17
    },
    {
        "ID": 141,
        "CHAR": "zifu14",
        "DATE": "2012-05-14",
        "TIME": "14:01:01",
        "NUM": 1.14,
        "XH": 18
    },
    {
        "ID": 131,
        "CHAR": "zifu13",
        "DATE": "2012-05-13",
        "TIME": "13:01:01",
        "NUM": 1.13,
        "XH": 19
    },
    {
        "ID": 121,
        "CHAR": "zifu12",
        "DATE": "2012-05-12",
        "TIME": "12:01:01",
        "NUM": 1.12,
        "XH": 20
    }
]}